reward_mean,reward_std,on_time_mean,late_mean,expired_mean,crash_rate,stage,timesteps
-50.885,16.950406337312387,0.0,0.0,1.5,0.8,stage1,200000
-51.80499999999999,19.34454638909892,0.0,0.0,2.1,0.75,stage1,400000
-54.035000000000004,18.053095994870244,0.0,0.0,2.0,0.8,stage1,600000
-30.181666666666672,19.153161836452306,0.3,0.1,1.65,0.55,stage1,800000
36.99833333333332,34.309481156412474,2.35,0.2,0.0,0.45,stage1,1000000
30.14166666666664,36.158126295788925,2.1,0.4,0.05,0.5,stage2,1201472
30.93999999999997,33.73916715036102,2.1,0.35,0.1,0.45,stage2,1401472
32.67499999999997,32.44460043246368,2.05,0.35,0.25,0.35,stage2,1601472
30.853333333333296,31.045657058954685,2.1,0.3,0.2,0.4,stage2,1801472
37.38499999999996,31.087860215488913,2.2,0.3,0.2,0.3,stage2,2001472
